{"cameraMode":{"drawMode":0,"name":"Shaded","section":"Shading Mode"},"sceneLighting":false,"audioPlay":false,"sceneViewState":{"showFog":true,"showMaterialUpdate":true,"showSkybox":false,"showFlares":true,"showImageEffects":true,"showParticleSystems":true},"in2DMode":false,"pivot":{"x":-16.681194305419923,"y":0.4688764810562134,"z":-1.851788878440857},"rotation":{"x":0.03478347510099411,"y":-0.6469229459762573,"z":0.029937464743852617,"w":0.7614803314208984},"size":29.642562866210939,"orthographic":false}