{"cameraMode":{"drawMode":0,"name":"Shaded","section":"Shading Mode"},"sceneLighting":false,"audioPlay":false,"sceneViewState":{"showFog":true,"showMaterialUpdate":true,"showSkybox":false,"showFlares":true,"showImageEffects":true,"showParticleSystems":true},"in2DMode":false,"pivot":{"x":-1.3338398933410645,"y":1.6768202781677247,"z":-0.07383990287780762},"rotation":{"x":-0.037053875625133517,"y":-0.43808218836784365,"z":-0.01778644323348999,"w":0.8982552289962769},"size":35.26084899902344,"orthographic":false}