{"cameraMode":{"drawMode":0,"name":"Shaded","section":"Shading Mode"},"sceneLighting":false,"audioPlay":false,"sceneViewState":{"showFog":true,"showMaterialUpdate":true,"showSkybox":false,"showFlares":true,"showImageEffects":true,"showParticleSystems":true},"in2DMode":false,"pivot":{"x":-4.999999046325684,"y":2.499840259552002,"z":0.0},"rotation":{"x":-0.037053875625133517,"y":-0.43808218836784365,"z":-0.01778644323348999,"w":0.8982552289962769},"size":43.00082778930664,"orthographic":false}