{"cameraMode":{"drawMode":0,"name":"Shaded","section":"Shading Mode"},"sceneLighting":true,"audioPlay":false,"sceneViewState":{"showFog":true,"showMaterialUpdate":true,"showSkybox":true,"showFlares":true,"showImageEffects":true,"showParticleSystems":true},"in2DMode":false,"pivot":{"x":4.1049652099609379,"y":13.622243881225586,"z":128.6233673095703},"rotation":{"x":0.020236805081367494,"y":-0.9752827882766724,"z":0.10834043473005295,"w":0.19315201044082642},"size":3.7191100120544435,"orthographic":false}